{"best": {"arrived_number": 713, "departed_number": 1367, "average_speed": 1.6904882611279282, "average_wait_time": 639.5940014630578, "average_travel_time": 913.3464235624124, "expected_traffic": 8798, "x": [43.810200952450714, 4.490487283529138, 58.045898009334564, 3.9456719345638827, 88.43450222217352, 4.439539796792545, 34.528119854442046, 4.133943250380129, 15.3946107569542, 3.6860495964928712, 84.57100726543578, 3.126288637109499, 71.07655358901981, 4.950375872910125, 56.57374812573709, 3.1083211876069896, 53.38636419559514, 4.423748584640306, 50.431455152819424, 4.653709822697124, 87.81422426253906, 4.2069867464067165, 97.6394585525177, 3.305554269384353, 31.068090513508814, 4.427735790158026, 88.3792754043128, 5.03728799865647, 43.12726062006597, 2.6358329777702574, 61.297188672617104, 4.6787428495815275, 54.48001162942998, 3.999347956168461, 33.32140360795041, 4.20654873261866, 72.95798501895783, 5.144581925035662, 93.57002121216718, 105.74881689805059, 4.52188039040042, 72.2467111815221, 2.96320681580876, 40.22490187081296, 2.446141750846545, 66.66446825324732, 3.1010498075353494, 41.26106183565619, 5.437487656798808, 68.2440759761455, 4.4662206587088455, 62.49544661652772, 3.274578183663868, 79.77670037341021, 2.578321605751432, 87.06901412544873, 3.7111463654536863, 12.037998252778728, 4.209372721652356, 10.33453316291789, 4.363796583219842, 103.9820921292443, 5.259409457396753, 63.108329332040284, 3.1984608095866456, 65.83013319016368, 3.6065421792219254, 79.65669107759136, 4.596633077165185, 73.33145248033676, 4.963976296718423, 47.556345225725146, 3.849286003893099, 42.1876292667789, 57.854499608261676, 5.384200483834816, 85.17162826444837, 4.126346914257296, 73.82346069119623, 3.8266133522125347, 59.86665433716966, 2.2224748549391427, 102.92457917485856, 4.568733480764514, 84.15041764845674, 5.293366764966848, -11.496092751879093, 4.872249104164249, 37.67490053050734, 76.1570221144566, 4.930380253142937, 79.17267320176329, 3.3636327822761585, 54.108711338741244, 2.209739559882927, 52.51619801485575, 4.660037046197953, 36.4770041246658, 4.111435070342982, 69.76192415085183, 3.591790830601706], "y": 85.40761303020683}, "data": [{"arrived_number": 656, "departed_number": 1269, "average_speed": 1.5792257380608872, "average_wait_time": 652.371158392435, "average_travel_time": 929.4435975609756, "expected_traffic": 8798, "x": [27.903027696817592, 4.855441729253049, 31.760051061734185, 4.456816677015148, 81.39979561620719, 4.683103743829381, 44.50435538031651, 4.973293836163256, 48.0735439443221, 4.30727140042433, 82.70255111542245, 3.7257379730230515, 77.5601615168019, 4.943957570781594, 40.053819293786304, 3.815959790429009, 77.40713572722328, 3.530844935718112, 79.03828516224056, 4.810108618322625, 66.25990890914994, 3.3783877729225162, 65.73409880896801, 3.262927720082131, 60.032249270336415, 4.7940437662818605, 79.6730767856476, 4.311664795954593, 32.73891793402155, 3.5696906168183924, 76.49194889624098, 4.09452732646819, 34.193273420625474, 3.5682658092821713, 44.66032761087426, 4.473953777783848, 74.76034615057813, 4.9803270773985275, 61.336030881998774, 76.89910337493632, 3.834153410050504, 78.70165328283538, 3.297549701662387, 47.41196166540445, 3.214889498383202, 60.369337969376645, 3.7907709958493143, 35.951048200149664, 4.814066327947225, 65.25976398624218, 3.8949662808921746, 58.151024769518315, 3.7036849937447434, 67.09112004077946, 3.5037419168181376, 68.05437066948203, 3.489744323825744, 45.22024794328508, 3.252934692696943, 31.404886397876158, 4.164122536565097, 83.04976137674244, 4.7133795169673505, 88.42649723391065, 3.6288969941405504, 83.75911854841303, 4.474231067744075, 47.104730154957124, 4.287089060155511, 66.69643525359866, 4.425776525444983, 23.416046083125288, 3.8141086549043743, 52.58218072245789, 65.91095481835633, 4.696448624995419, 67.067643556534, 3.371744909879613, 49.10299339708294, 4.542070440439909, 84.23958566051951, 3.0815052513661794, 86.60823251103061, 4.34967854782586, 54.776963663357996, 4.903407791822039, 19.947915342426565, 4.478526938216799, 71.9052014110165, 68.803023668212, 4.056392035786494, 66.26320437711402, 3.817478133552031, 68.81808882863973, 3.1920300338289573, 48.592457602160835, 3.8272494813846745, 23.942270394809572, 3.3356502611853465, 66.09913449944351, 4.568161650709996], "y": 86.39842510506124}, {"arrived_number": 713, "departed_number": 1367, "average_speed": 1.6904882611279282, "average_wait_time": 639.5940014630578, "average_travel_time": 913.3464235624124, "expected_traffic": 8798, "x": [43.810200952450714, 4.490487283529138, 58.045898009334564, 3.9456719345638827, 88.43450222217352, 4.439539796792545, 34.528119854442046, 4.133943250380129, 15.3946107569542, 3.6860495964928712, 84.57100726543578, 3.126288637109499, 71.07655358901981, 4.950375872910125, 56.57374812573709, 3.1083211876069896, 53.38636419559514, 4.423748584640306, 50.431455152819424, 4.653709822697124, 87.81422426253906, 4.2069867464067165, 97.6394585525177, 3.305554269384353, 31.068090513508814, 4.427735790158026, 88.3792754043128, 5.03728799865647, 43.12726062006597, 2.6358329777702574, 61.297188672617104, 4.6787428495815275, 54.48001162942998, 3.999347956168461, 33.32140360795041, 4.20654873261866, 72.95798501895783, 5.144581925035662, 93.57002121216718, 105.74881689805059, 4.52188039040042, 72.2467111815221, 2.96320681580876, 40.22490187081296, 2.446141750846545, 66.66446825324732, 3.1010498075353494, 41.26106183565619, 5.437487656798808, 68.2440759761455, 4.4662206587088455, 62.49544661652772, 3.274578183663868, 79.77670037341021, 2.578321605751432, 87.06901412544873, 3.7111463654536863, 12.037998252778728, 4.209372721652356, 10.33453316291789, 4.363796583219842, 103.9820921292443, 5.259409457396753, 63.108329332040284, 3.1984608095866456, 65.83013319016368, 3.6065421792219254, 79.65669107759136, 4.596633077165185, 73.33145248033676, 4.963976296718423, 47.556345225725146, 3.849286003893099, 42.1876292667789, 57.854499608261676, 5.384200483834816, 85.17162826444837, 4.126346914257296, 73.82346069119623, 3.8266133522125347, 59.86665433716966, 2.2224748549391427, 102.92457917485856, 4.568733480764514, 84.15041764845674, 5.293366764966848, -11.496092751879093, 4.872249104164249, 37.67490053050734, 76.1570221144566, 4.930380253142937, 79.17267320176329, 3.3636327822761585, 54.108711338741244, 2.209739559882927, 52.51619801485575, 4.660037046197953, 36.4770041246658, 4.111435070342982, 69.76192415085183, 3.591790830601706], "y": 85.40761303020683}, {"arrived_number": 523, "departed_number": 1154, "average_speed": 1.6007703556436657, "average_wait_time": 728.5953206239168, "average_travel_time": 996.0669216061185, "expected_traffic": 8798,