{"best": {"arrived_number": 689, "departed_number": 1294, "average_speed": 1.8005743916529358, "average_wait_time": 564.467542503864, "average_travel_time": 966.8737300435414, "expected_traffic": 8798, "x": [56.243945266094485, 4.88493571787823, 46.65560615700909, 4.352177066361661, 88.16557011563742, 3.477986478537791, 48.60901544913946, 4.067314681286925, 37.14297306086213, 4.028987201415675, 78.99412642912662, 3.633558155856485, 66.41664547079041, 3.4936175295632212, 19.711652257665154, 4.5714446468736485, 74.04310428740357, 3.216459759315419, 34.109664437834866, 4.804644644046681, 18.959189744648697, 3.5589294877653197, 85.73396547099284, 4.099516227147973, 86.71336240913523, 3.958224391258219, 59.88848333597591, 3.1143222931061088, 86.0491880718395, 4.930654750235213, 62.93548416600519, 4.514669167194895, 74.95750186108974, 3.7853541424639836, 77.0200163258966, 3.4112107534915115, 32.47297775951438, 3.3607043423082708, 39.9993000949447, 36.41840342609545, 4.70946191521769, 62.301004190247504, 4.016030960139512, 55.10165170262377, 3.0497793502242785, 43.84352427911168, 4.620320789344707, 52.10698540009828, 3.9394862053046307, 21.849687299039203, 4.663372167023056, 25.333309685746933, 4.936233605442242, 25.386130127288347, 3.3230042767337777, 31.195845384836854, 3.867050226956685, 60.92533782615221, 4.47146903222246, 61.6041845030763, 4.317335233792525, 65.94630712299853, 3.342209153699856, 29.782839897372266, 3.2822176539473977, 64.5697546295242, 4.1126493295627, 88.6207720604494, 4.884910453050999, 74.29775229376438, 3.9468267552916765, 62.39462353980068, 3.788957080497231, 87.69243192917716, 50.46029052498833, 4.024793001991692, 24.902181007469203, 4.50856081564855, 36.326360948321216, 4.137965814317054, 78.59348420474258, 4.491370900454212, 78.86509025602209, 4.069896877119428, 36.859121061266045, 3.871042979170289, 33.07532217568507, 3.7674948518919384, 75.40528615674457, 35.015081087948175, 3.4116755650597357, 66.14040367576153, 3.4922475293791986, 77.32079751968504, 4.728286836724068, 34.503186702938265, 3.8645242869775176, 64.74431713384101, 4.554955870197243, 18.842040952456994, 4.061748585721513], "y": 83.5343632469965}, "data": [{"arrived_number": 749, "departed_number": 1405, "average_speed": 1.796944380502762, "average_wait_time": 594.3309608540925, "average_travel_time": 888.2750333778371, "expected_traffic": 8798, "x": [42.245716946828004, 3.9994945285694343, 74.40707014060922, 4.245771227156623, 63.83626834264924, 3.8216700008082154, 20.585502787246906, 3.8457130145299105, 67.89071048199312, 3.114554549048977, 28.58613920624895, 3.323735721091968, 68.04814713218869, 4.8187015451180315, 89.78451114228952, 4.614315528165841, 60.742681085721784, 3.602015694646231, 44.82253762801908, 3.9946626030263115, 72.67379189185613, 4.4873401513717655, 65.04115263649487, 3.34054559062694, 58.428626486871266, 3.8189741239203965, 31.826604729784847, 4.952089141452614, 48.35592056613371, 3.7768636833362796, 41.65317666107913, 3.676718134701689, 83.76730925687056, 4.8963892570446035, 74.0034315170391, 3.0413713894576726, 51.63156627907358, 3.7232590940456434, 26.777816189336832, 61.263022788997574, 3.8485383854984643, 37.496732727979555, 4.1334861414957365, 35.026179252479565, 4.703506538622626, 87.99154207303351, 3.621220950508796, 50.670141244733124, 4.511375117485331, 58.1638882406956, 3.3045769499310764, 55.014825011447066, 3.9030027199696313, 38.21972889749141, 3.3779477783609475, 85.09010450790373, 4.686513722585604, 42.867386849328014, 3.0843623700597025, 40.74662653665454, 3.6543514078148744, 58.936094533643, 4.098981231455788, 37.72167691531421, 3.440958469328244, 86.94920981311827, 4.680988550494558, 80.35992058188869, 3.60703865446064, 60.608168100858016, 3.476007825557156, 33.97267157131358, 3.673684588707689, 29.01889985278709, 87.82755799123788, 4.522476657905814, 46.948234989120934, 3.8481004985998344, 62.106621991985705, 3.231007039242507, 62.13878805140636, 3.2206389230565597, 68.15474780107712, 4.383147070731913, 82.93746031885722, 4.029679152985771, 74.27132847812828, 3.52804088968783, 55.90482047257326, 30.06229822810544, 3.066165966296495, 42.338261674258966, 3.91874328061946, 69.99323262469099, 3.260102074543235, 23.068285913720448, 4.970374130276863, 53.249921950586, 4.090660302981714, 82.52912266920542, 3.8718348197583357], "y": 83.59351665413286}, {"arrived_number": 615, "departed_number": 1306, "average_speed": 1.7290787715971505, "average_wait_time": 685.7304747320061, "average_travel_time": 950.1349593495935, "expected_traffic": 8798, "x": [89.6691072820799, 3.4052394674199578, 57.77666994218913, 3.1954270126981865, 80.28298183641314, 3.312609793857553, 51.58375802043978, 4.814654189338098, 33.67488003410058, 3.760992311454157, 68.9984661900656, 4.689572491058227, 21.34483839530413, 3.1852885176296546, 77.06980599378326, 3.61826711240417, 28.05525045298632, 4.659271372038515, 48.452086754470656, 4.858954455656766, 72.4456830347171, 4.75867222678577, 27.033207974128025, 4.358669021954181, 44.97437256656267, 3.7829261023332643, 28.833195670371772, 3.7818976173080756, 19.72409605751651, 3.0973870226787037, 39.77885937318832, 4.7745317532726075, 24.296935528532977, 4.924818058005754, 33.24911276113807, 4.998607478817932, 36.46910002417724, 4.989001079781016, 37.183210450249035, 79.4585604928298, 3.113316491388468, 38.16681587364883, 3.5529664625289294, 59.07434450325595, 4.629756068205818, 61.09982988261659, 4.24958793161972, 26.990760541616716, 4.368596495313737, 39.52181081934539, 3.8565185801011364, 44.72446325349196, 4.811681803172254, 23.804316323774565, 4.558570659638555, 80.7437891640485, 3.0285202922486665, 83.99612201711565, 4.930045226432079, 22.265107696349297, 3.01283549256396, 57.36777676263971, 3.8860464340562064, 27.79035320192733, 4.916911745050661, 58.376073482819834, 3.2480233514313688, 21.733898165897514, 4.898251791928384, 83.05911118522518, 3.2549719878615275, 40.27047047316948, 3.0301281470629866, 75.39785928172768, 35.28425773047853, 3.7565155421276053, 27.900815546351655, 4.649834789462153, 46.872590582840246, 3.521301966088429, 86.32590756570121, 3.5929671651489885, 49.100887244662495, 3.868309066751573, 45.59168513824775, 4.46082759814376, 30.041305720090207, 3.67544818330843, 25.60312568852251, 75.32800733061782, 4.2154755321596715, 87.73104919381687, 3.3891340028085706, 35.83375116696814, 4.216965313351754, 56.7727982419281, 3.113130611276712, 60.09346463291096, 3.2610435209842246, 20.35127819773301, 4.054624032270244], "y": 87.37332622572961}, {"arrived_number": 601, "departed_number": 1204, "average_speed": 1.6782557048552202, "average_wait_time": 690.7475083056478, "average_travel_time": 861.6955074875208, "expected_traffic": 8798,