{"best": {"arrived_number": 508, "departed_number": 1140, "average_speed": 1.3973943021436492, "average_wait_time": 768.8570175438597, "average_travel_time": 980.9311023622047, "expected_traffic": 8798, "x": [68.32901080720889, 4.6054797003861205, 30.996648455107966, 3.143825862389737, 78.1608763950835, 3.441468368943079, 66.78144426230716, 4.490757846350922, 47.58240325818229, 3.124528590199884, 85.38796709315369, 4.448409224207664, 76.18461234728619, 4.571523531880362, 51.84516631074472, 4.252689642871939, 63.785823994671276, 4.735999508815218, 46.44942513467879, 4.075553352662642, 72.0073805420123, 4.192349399690411, 68.68313581553718, 3.0964077445134293, 22.24129236831522, 4.94807046423085, 81.01567453160048, 4.165271154767817, 79.15987589258184, 3.990354706573652, 32.02273080419454, 4.863218482707152, 82.80934551339301, 4.9745775884383, 39.39887931116366, 4.304766115071343, 74.9568671466592, 3.692828142018883, 21.03425948169597, 77.70456723574603, 4.032332142822874, 87.96802467958732, 4.566599563750709, 67.0799770170413, 3.3749871722270393, 81.0374598326018, 4.514070534139792, 25.571900100834295, 4.589339736075549, 59.40257957543663, 3.282576352078483, 42.52465290720172, 4.5464976958447485, 85.59104062596654, 4.940861682242948, 78.47586083799474, 4.518472425585131, 27.287565602715574, 3.9539103635012194, 58.770015413696555, 3.8968856361871747, 72.07579381557393, 3.223232994302202, 27.566809192143594, 4.754016030336632, 61.3360625686952, 3.151288418992513, 35.932751458101805, 3.1368317781287547, 53.98664501955878, 3.9276818824056834, 35.137999734918296, 3.8032771580424725, 26.46233307758729, 28.028601131167193, 4.62412396907422, 33.28313018888493, 3.081744065336847, 76.03906654173858, 3.105355470039587, 30.20255991392447, 4.957232669952349, 82.90783926843345, 3.5647071475510868, 59.8691979495258, 4.147005105051304, 52.4117280282993, 3.0782024994975785, 52.008713324394165, 89.82657033488321, 3.996517000588665, 78.06495672462485, 4.960501761769726, 77.72968671348866, 3.9663909321297823, 39.53167896777454, 3.469406748088057, 43.37631696195427, 4.31792275719081, 75.18697587845577, 3.075528902489509], "y": 91.12494823005453}, "data": [{"arrived_number": 504, "departed_number": 1136, "average_speed": 1.3796139133088015, "average_wait_time": 772.3714788732394, "average_travel_time": 974.4424603174604, "expected_traffic": 8798, "x": [68.32901080720889, 4.6054797003861205, 30.996648455107966, 3.143825862389737, 78.1608763950835, 3.441468368943079, 66.78144426230716, 4.490757846350922, 47.58240325818229, 3.124528590199884, 85.38796709315369, 4.448409224207664, 76.18461234728619, 4.571523531880362, 51.84516631074472, 4.252689642871939, 63.785823994671276, 4.735999508815218, 46.44942513467879, 4.075553352662642, 72.0073805420123, 4.192349399690411, 68.68313581553718, 3.0964077445134293, 22.24129236831522, 4.94807046423085, 81.01567453160048, 4.165271154767817, 79.15987589258184, 3.990354706573652, 32.02273080419454, 4.863218482707152, 82.80934551339301, 4.9745775884383, 39.39887931116366, 4.304766115071343, 74.9568671466592, 3.692828142018883, 21.03425948169597, 77.70456723574603, 4.032332142822874, 87.96802467958732, 4.566599563750709, 67.0799770170413, 3.3749871722270393, 81.0374598326018, 4.514070534139792, 25.571900100834295, 4.589339736075549, 59.40257957543663, 3.282576352078483, 42.52465290720172, 4.5464976958447485, 85.59104062596654, 4.940861682242948, 78.47586083799474, 4.518472425585131, 27.287565602715574, 3.9539103635012194, 58.770015413696555, 3.8968856361871747, 72.07579381557393, 3.223232994302202, 27.566809192143594, 4.754016030336632, 61.3360625686952, 3.151288418992513, 35.932751458101805, 3.1368317781287547, 53.98664501955878, 3.9276818824056834, 35.137999734918296, 3.8032771580424725, 26.46233307758729, 28.028601131167193, 4.62412396907422, 33.28313018888493, 3.081744065336847, 76.03906654173858, 3.105355470039587, 30.20255991392447, 4.957232669952349, 82.90783926843345, 3.5647071475510868, 59.8691979495258, 4.147005105051304, 52.4117280282993, 3.0782024994975785, 52.008713324394165, 89.82657033488321, 3.996517000588665, 78.06495672462485, 4.960501761769726, 77.72968671348866, 3.9663909321297823, 39.53167896777454, 3.469406748088057, 43.37631696195427, 4.31792275719081, 75.18697587845577, 3.075528902489509], "y": 91.24481736137136}, {"arrived_number": 508, "departed_number": 1140, "average_speed": 1.3973943021436492, "average_wait_time": 768.8570175438597, "average_travel_time": 980.9311023622047, "expected_traffic": 8798, "x": [68.32901080720889, 4.6054797003861205, 30.996648455107966, 3.143825862389737, 78.1608763950835, 3.441468368943079, 66.78144426230716, 4.490757846350922, 47.58240325818229, 3.124528590199884, 85.38796709315369, 4.448409224207664, 76.18461234728619, 4.571523531880362, 51.84516631074472, 4.252689642871939, 63.785823994671276, 4.735999508815218, 46.44942513467879, 4.075553352662642, 72.0073805420123, 4.192349399690411, 68.68313581553718, 3.0964077445134293, 22.24129236831522, 4.94807046423085, 81.01567453160048, 4.165271154767817, 79.15987589258184, 3.990354706573652, 32.02273080419454, 4.863218482707152, 82.80934551339301, 4.9745775884383, 39.39887931116366, 4.304766115071343, 74.9568671466592, 3.692828142018883, 21.03425948169597, 77.70456723574603, 4.032332142822874, 87.96802467958732, 4.566599563750709, 67.0799770170413, 3.3749871722270393, 81.0374598326018, 4.514070534139792, 25.571900100834295, 4.589339736075549, 59.40257957543663, 3.282576352078483, 42.52465290720172, 4.5464976958447485, 85.59104062596654, 4.940861682242948, 78.47586083799474, 4.518472425585131, 27.287565602715574, 3.9539103635012194, 58.770015413696555, 3.8968856361871747, 72.07579381557393, 3.223232994302202, 27.566809192143594, 4.754016030336632, 61.3360625686952, 3.151288418992513, 35.932751458101805, 3.1368317781287547, 53.98664501955878, 3.9276818824056834, 35.137999734918296, 3.8032771580424725, 26.46233307758729, 28.028601131167193, 4.62412396907422, 33.28313018888493, 3.081744065336847, 76.03906654173858, 3.105355470039587, 30.20255991392447, 4.957232669952349, 82.90783926843345, 3.5647071475510868, 59.8691979495258, 4.147005105051304, 52.4117280282993, 3.0782024994975785, 52.008713324394165, 89.82657033488321, 3.996517000588665, 78.06495672462485, 4.960501761769726, 77.72968671348866, 3.9663909321297823, 39.53167896777454, 3.469406748088057, 43.37631696195427, 4.31792275719081, 75.18697587845577, 3.075528902489509], "y": 91.12494823005453}, {"arrived_number": 508, "departed_number": 1140, "average_speed": 1.3973943021436492, "average_wait_time": 768.8570175438597, "average_travel_time": 980.9311023622047, "expected_traffic": 8798,