{"best": {"arrived_number": 632, "departed_number": 1280, "average_speed": 1.818040299738407, "average_wait_time": 655.0390625, "average_travel_time": 896.0949367088608, "expected_traffic": 8798, "y": 85.94602872621562}, "data": [{"arrived_number": 632, "departed_number": 1280, "average_speed": 1.818040299738407, "average_wait_time": 655.0390625, "average_travel_time": 896.0949367088608, "expected_traffic": 8798, "y": 85.94602872621562}]}