{
    "best": {
        "traffic_flow": 0.1791044776119403,
        "avg_wait_time": 23.88905109489051,
        "avg_speed": 1.4033337789956872,
        "x": [
            220.52770870295842,
            46.55750310514417,
            46.709863430818665,
            175.7345273852984,
            44.857675847241374,
            96.46796291840295,
            200.8369246805419,
            147.79344911767294,
            -118.0283951780728,
            102.03385385021816,
            106.81543506861945,
            76.79354657106634,
            158.45042617198885,
            142.92003045911378,
            164.17090567385515,
            61.95774285082897
        ],
        "y": 17.91044776119403
    },
    "data": [
        {
            "traffic_flow": 0.2727272727272727,
            "avg_wait_time": 20.335518474374254,
            "avg_speed": 1.7376203658181273,
            "x": [
                72.28056997704661,
                81.61122609442285,
                18.525026870375548,
                109.9211384428154,
                45.335182562511015,
                87.11615548710206,
                147.13531764438295,
                27.75079410836841,
                32.8225178867897,
                46.34902024165417,
                93.6291982513429,
                130.11302933543905,
                73.73080542301166,
                50.58636668396451,
                51.41957456252027,
                54.84246504575528
            ],
            "y": 27.27272727272727
        },
        {
            "traffic_flow": 0.20588235294117646,
            "avg_wait_time": 23.592261904761905,
            "avg_speed": 1.5060450355765778,
            "x": [
                131.82070931735012,
                59.602586044902225,
                44.401424035494465,
                152.03477545738002,
                56.805628679664885,
                115.98941570169409,
                191.32564532257712,
                73.3835308207062,
                -25.378956897971243,
                109.1828438816839,
                97.65603828906964,
                179.28980891602083,
                144.31541701404495,
                78.75115303179305,
                72.58617599487683,
                75.28473072496124
            ],
            "y": 20.588235294117645
        },
        {
            "traffic_flow": 0.20588235294117646,
            "avg_wait_time": 23.592261904761905,
            "avg_speed": 1.5060450355765778,
            "x": [
                191.36084865765363,
                37.5939459953816,
                70.27782120061337,
                194.14841247194465,
                68.27607479681876,
                144.8626759162861,
                235.51597300077128,
                119.01626753304399,
                -83.58043168273218,
                172.0166675217136,
                101.68287832679638,
                228.4665884966026,
                214.90002860507826,
                106.91593937962159,
                93.75277742723338,
                95.72699640416718
            ],
            "y": 20.588235294117645
        },
        {
            "traffic_flow": 0.18181818181818182,
            "avg_wait_time": 25.08637779665817,
            "avg_speed": 1.3920041921722985,
            "x": [
                169.76935258613582,
                28.304371707105993,
                5.760803285910946,
                216.1626323716622,
                24.618562842972914,
                145.1354838332423,
                251.88016748065644,
                127.51855442756832,
                -91.63406557212352,
                86.42258155386983,
                66.14383023341378,
                137.72231758440427,
                183.78351052318737,
                89.15087959146814,
                131.59049819432624,
                54.32315027964675
            ],
            "y": 18.181818181818183
        },
        {
            "traffic_flow": 0.21875,
            "avg_wait_time": 25.638814814814815,
            "avg_speed": 1.4067828767610502,
            "x": [
                207.71799585492153,
                -2.9938426306902386,
                -32.87981746367257,
                280.2904892859444,
                -7.568502993719058,
                174.2815519647905,
                312.4346896387358,
                181.65357803443044,
                -157.8891742462758,
                63.66231922605577,
                34.631622177757926,
                96.15482625278771,
                223.2516040323298,
                99.55060615114323,
                190.59482039377568,
                33.36156983433226
            ],
            "y": 21.875
        },
        {
            "traffic_flow": 0.1791044776119403,
            "avg_wait_time": 23.88905109489051,
            "avg_speed": 1.4033337789956872,
            "x": [
                220.52770870295842,
                46.55750310514417,
                46.709863430818665,
                175.7345273852984,
                44.857675847241374,
                96.46796291840295,
                200.8369246805419,
                147.79344911767294,
                -118.0283951780728,
                102.03385385021816,
                106.81543506861945,
                76.79354657106634,
                158.45042617198885,
                142.92003045911378,
                164.17090567385515,
                61.95774285082897
            ],
            "y": 17.91044776119403
        },
        {
            "traffic_flow": 0.20967741935483872,
            "avg_wait_time": 23.90254500310366,
            "avg_speed": 1.2192720734400444,
            "x": [
                48.33893410124565,
                96.24161230828165,
                78.32783542129155,
                112.92163118195671,
                119.969941800195,
                58.17083537606405,
                75.58302470967121,
                119.9671094375321,
                32.47884461055649,
                110.26984887825112,
                124.70736645203539,
                145.69392240110417,
                38.06225588634984,
                94.42204785440826,
                32.828298307953354,
                97.24800523810819
            ],
            "y": 79.03225806451613
        },
        {
            "traffic_flow": 0.13559322033898305,
            "avg_wait_time": 25.642942583732058,
            "avg_speed": 1.0927475053922893,
            "x": [
                59.00318111762835,
                53.36974883797566,
                92.13271923128598,
                180.27731683607362,
                180.4082569647818,
                -0.5894495941455844,
                28.059926675364878,
                138.95184285631456,
                1.9468844426771739,
                157.63267400412883,
                194.60207348375468,
                179.32972599428203,
                43.42742109001801,
                103.28111962645586,
                14.01000712563799,
                134.93778281554006
            ],
            "y": 86.4406779661017
        },
        {
            "traffic_flow": 0.19718309859154928,
            "avg_wait_time": 21.973274596182087,
            "avg_speed": 1.5085092279273318,
            "x": [
                70.38737327355346,
                138.35043773427432,
                104.24959949421616,
                41.83748708888267,
                82.08039996622861,
                126.71993283229423,
                136.11525821402398,
                163.58528665347237,
                43.06957775009516,
                169.26482835622363,
                75.97316551899917,
                93.97796289564369,
                12.436547913578607,
                62.835221278784275,
                60.198427490756124,
                34.33908286662443
            ],
            "y": 80.28169014084507
        },
        {
            "traffic_flow": 0.2537313432835821,